Date,Time,Duration,Location,Session Name,Instructor,Room,Spots Available,Total Spots,Booked,Cumulative Bookings
"10/13/2025","7:00 AM","60 min.","Williamsburg","Guided Up: Self-Care Sweat - 60 min","","Sauna",54,64,10,10
"10/13/2025","8:30 AM","75 min.","Williamsburg","Free Flow","","Sauna .",30,40,10,20
"10/13/2025","9:00 AM","75 min.","Williamsburg","Free Flow","","Sauna.",33,40,7,27
"10/13/2025","9:30 AM","75 min.","Williamsburg","Free Flow","","Sauna..",35,40,5,32
"10/13/2025","10:00 AM","75 min.","Williamsburg","Free Flow","","Sauna...",36,40,4,36
"10/13/2025","10:15 AM","75 min.","Williamsburg","Free Flow","","Sauna....",22,40,18,54
"10/13/2025","12:00 PM","60 min.","Williamsburg","Guided Down: Senses - 60 min","","Sauna",18,64,46,100
"10/13/2025","1:30 PM","75 min.","Williamsburg","Free Flow","","Sauna .",28,40,12,112
"10/13/2025","1:45 PM","75 min.","Williamsburg","Free Flow","","Sauna.",37,40,3,115
"10/13/2025","2:15 PM","75 min.","Williamsburg","Free Flow","","Sauna..",22,40,18,133
"10/13/2025","2:45 PM","75 min.","Williamsburg","Free Flow","","Sauna...",33,40,7,140
"10/13/2025","3:15 PM","75 min.","Williamsburg","Free Flow","","Sauna....",37,40,3,143
"10/13/2025","3:45 PM","75 min.","Williamsburg","Free Flow","","Sauna .",23,40,17,160
"10/13/2025","4:15 PM","75 min.","Williamsburg","Free Flow","","Sauna.",27,40,13,173
"10/13/2025","4:45 PM","75 min.","Williamsburg","Free Flow","","Sauna..",16,30,14,187
"10/13/2025","5:15 PM","75 min.","Williamsburg","Lively Free Flow","","Sauna...",1,30,29,216
"10/13/2025","6:30 PM","75 min.","Williamsburg","Guided All Around: Journey Through the Elements","","Sauna",,,,216
"10/13/2025","7:45 PM","75 min.","Williamsburg","Guided All Around: Release","Jenny Frenkel","Sauna",12,64,52,268
"10/13/2025","9:00 PM","75 min.","Williamsburg","Guided All Around: Reset","Derek Baynton","Sauna",26,64,38,306
"10/14/2025","7:00 AM","60 min.","Williamsburg","Guided Down: Sound Immersion - 60 min","Rootsgod Fender","Sauna",35,64,29,29
"10/14/2025","8:30 AM","75 min.","Williamsburg","Quieter Free Flow","","Sauna .",33,40,7,36
"10/14/2025","9:00 AM","75 min.","Williamsburg","Quieter Free Flow","","Sauna.",37,40,3,39
"10/14/2025","9:30 AM","75 min.","Williamsburg","Quieter Free Flow","","Sauna..",40,40,0,39
"10/14/2025","10:00 AM","75 min.","Williamsburg","Quieter Free Flow","","Sauna...",34,40,6,45
"10/14/2025","10:15 AM","75 min.","Williamsburg","Quieter Free Flow","","Sauna....",35,40,5,50
"10/14/2025","12:00 PM","60 min.","Williamsburg","Guided Down: Embodied - 60 min","","Sauna",45,60,15,65
"10/14/2025","1:30 PM","75 min.","Williamsburg","Free Flow","","Sauna.",38,40,2,67
"10/14/2025","1:45 PM","75 min.","Williamsburg","Free Flow","","Sauna .",40,40,0,67
"10/14/2025","2:15 PM","75 min.","Williamsburg","Free Flow","","Sauna..",30,40,10,77
"10/14/2025","2:45 PM","75 min.","Williamsburg","Free Flow","","Sauna...",36,40,4,81
"10/14/2025","3:15 PM","75 min.","Williamsburg","Free Flow","","Sauna....",38,40,2,83
"10/14/2025","3:45 PM","75 min.","Williamsburg","Free Flow","","Sauna .",39,40,1,84
"10/14/2025","4:15 PM","75 min.","Williamsburg","Free Flow","","Sauna.",39,40,1,85
"10/14/2025","4:45 PM","75 min.","Williamsburg","Free Flow","","Sauna..",22,30,8,93
"10/14/2025","5:15 PM","75 min.","Williamsburg","Lively Free Flow","","Sauna....",17,30,13,106
"10/14/2025","6:30 PM","75 min.","Williamsburg","Guided All Around: Acceptance","","Sauna",,,,106
"10/14/2025","7:45 PM","75 min.","Williamsburg","Guided All Around: Reset","Derek Baynton","Sauna",3,64,61,167
"10/14/2025","9:00 PM","75 min.","Williamsburg","Free Flow","","Sauna .",21,30,9,176
"10/14/2025","9:15 PM","75 min.","Williamsburg","Free Flow","","Sauna.",21,25,4,180
"10/14/2025","9:30 PM","75 min.","Williamsburg","Free Flow","","Sauna..",34,34,0,180
"10/14/2025","9:45 PM","75 min.","Williamsburg","Free Flow","","Sauna...",30,30,0,180
"10/15/2025","7:00 AM","60 min.","Williamsburg","Guided Up: Awakening - 60 min","","Sauna",54,64,10,10
"10/15/2025","8:30 AM","75 min.","Williamsburg","Free Flow","","Sauna .",36,40,4,14
"10/15/2025","9:00 AM","75 min.","Williamsburg","Free Flow","","Sauna.",40,40,0,14
"10/15/2025","9:30 AM","75 min.","Williamsburg","Free Flow","","Sauna..",39,40,1,15
"10/15/2025","10:00 AM","75 min.","Williamsburg","Free Flow","","Sauna...",38,40,2,17
"10/15/2025","10:15 AM","75 min.","Williamsburg","Free Flow","","Sauna....",36,40,4,21
"10/15/2025","12:00 PM","60 min.","Williamsburg","Guided Down: Unwind - 60 min","","Sauna",63,64,1,22
"10/15/2025","1:45 PM","75 min.","Williamsburg","Free Flow","","Sauna .",38,40,2,24
"10/15/2025","2:15 PM","75 min.","Williamsburg","Free Flow","","Sauna.",40,40,0,24
"10/15/2025","2:45 PM","75 min.","Williamsburg","Free Flow","","Sauna..",38,40,2,26
"10/15/2025","3:15 PM","75 min.","Williamsburg","Free Flow","","Sauna...",40,40,0,26
"10/15/2025","3:45 PM","75 min.","Williamsburg","Free Flow","","Sauna....",36,40,4,30
"10/15/2025","4:15 PM","75 min.","Williamsburg","Free Flow","","Sauna .",30,30,0,30
"10/15/2025","5:30 PM","75 min.","Williamsburg","Guided Up: Awakening","","Sauna",56,64,8,38
"10/15/2025","6:45 PM","75 min.","Williamsburg","Guided Down: Pure Presence","Jiva Smith","Sauna",45,64,19,57
"10/15/2025","8:00 PM","75 min.","Williamsburg","Free Flow","","Sauna .",1,20,19,76
"10/15/2025","8:15 PM","75 min.","Williamsburg","Free Flow","","Sauna.",6,15,9,85
"10/15/2025","8:30 PM","75 min.","Williamsburg","Free Flow","","Sauna..",28,30,2,87
"10/15/2025","8:45 PM","75 min.","Williamsburg","Free Flow","","Sauna...",25,25,0,87
"10/15/2025","9:00 PM","75 min.","Williamsburg","Free Flow","","Sauna....",11,15,4,91
"10/15/2025","9:30 PM","75 min.","Williamsburg","Free Flow","","Sauna .",30,30,0,91
"10/15/2025","9:45 PM","75 min.","Williamsburg","Free Flow","","Sauna.",30,30,0,91
"10/16/2025","7:00 AM","60 min.","Williamsburg","Guided Down: Rose, Thorn, Bud - 60 min","","Sauna",60,64,4,4
"10/16/2025","8:30 AM","75 min.","Williamsburg","Free Flow","","Sauna .",39,40,1,5
"10/16/2025","9:00 AM","75 min.","Williamsburg","Free Flow","","Sauna.",39,40,1,6
"10/16/2025","9:30 AM","75 min.","Williamsburg","Free Flow","","Sauna..",38,40,2,8
"10/16/2025","10:00 AM","75 min.","Williamsburg","Free Flow","","Sauna...",38,40,2,10
"10/16/2025","10:15 AM","75 min.","Williamsburg","Free Flow","","Sauna....",40,40,0,10
"10/16/2025","12:00 PM","60 min.","Williamsburg","Guided Down: Pure Presence - 60 min","","Sauna",55,64,9,19
"10/16/2025","1:30 PM","75 min.","Williamsburg","Free Flow","","Sauna .",40,40,0,19
"10/16/2025","2:00 PM","75 min.","Williamsburg","Free Flow","","Sauna.",40,40,0,19
"10/16/2025","2:30 PM","75 min.","Williamsburg","Free Flow","","Sauna..",40,40,0,19
"10/16/2025","3:00 PM","75 min.","Williamsburg","Free Flow","","Sauna...",40,40,0,19
"10/16/2025","3:30 PM","75 min.","Williamsburg","Free Flow","","Sauna....",40,40,0,19
"10/16/2025","4:00 PM","75 min.","Williamsburg","Free Flow","","Sauna .",40,40,0,19
"10/16/2025","4:30 PM","75 min.","Williamsburg","Free Flow","","Sauna.",39,40,1,20
"10/16/2025","5:00 PM","75 min.","Williamsburg","Free Flow","","Sauna..",30,30,0,20
"10/16/2025","5:30 PM","75 min.","Williamsburg","Lively Free Flow","","Sauna...",21,30,9,29
"10/16/2025","6:45 PM","75 min.","Williamsburg","Guided Down: Unwind","Brian Lamy","Sauna",35,64,29,58
"10/16/2025","8:00 PM","75 min.","Williamsburg","Lively Free Flow","","Sauna .",10,20,10,68
"10/16/2025","8:15 PM","75 min.","Williamsburg","Lively Free Flow","","Sauna.",15,15,0,68
"10/16/2025","8:30 PM","75 min.","Williamsburg","Lively Free Flow","","Sauna..",28,30,2,70
"10/16/2025","8:45 PM","75 min.","Williamsburg","Lively Free Flow","","Sauna...",25,25,0,70
"10/16/2025","9:00 PM","75 min.","Williamsburg","Lively Free Flow","","Sauna....",15,15,0,70
"10/16/2025","9:30 PM","75 min.","Williamsburg","Lively Free Flow","","Sauna .",30,30,0,70
"10/16/2025","9:45 PM","75 min.","Williamsburg","Lively Free Flow","","Sauna.",30,30,0,70
"10/17/2025","7:00 AM","75 min.","Williamsburg","Guided Up: Self-Care Sweat","","Sauna",59,64,5,5
"10/17/2025","8:15 AM","75 min.","Williamsburg","Guided Down: Pure Presence","Jiva Smith","Sauna",63,64,1,6
"10/17/2025","9:30 AM","75 min.","Williamsburg","Guided All Around: Reset","","Sauna",52,64,12,18
"10/17/2025","10:45 AM","75 min.","Williamsburg","Guided Down: Sound Immersion","Rootsgod Fender","Sauna",62,64,2,20
"10/17/2025","12:00 PM","75 min.","Williamsburg","Free Flow","","Sauna .",25,32,7,27
"10/17/2025","12:30 PM","75 min.","Williamsburg","Free Flow","","Sauna.",31,32,1,28
"10/17/2025","1:00 PM","75 min.","Williamsburg","Free Flow","","Sauna..",45,45,0,28
"10/17/2025","1:30 PM","75 min.","Williamsburg","Free Flow","","Sauna...",35,35,0,28
"10/17/2025","2:00 PM","75 min.","Williamsburg","Free Flow","","Sauna....",31,33,2,30
"10/17/2025","2:30 PM","75 min.","Williamsburg","Free Flow","","Sauna .",42,45,3,33
"10/17/2025","3:00 PM","75 min.","Williamsburg","Free Flow","","Sauna.",33,35,2,35
"10/17/2025","3:30 PM","75 min.","Williamsburg","Free Flow","","Sauna..",30,33,3,38
"10/17/2025","4:00 PM","75 min.","Williamsburg","Free Flow","","Sauna...",45,45,0,38
"10/17/2025","4:30 PM","75 min.","Williamsburg","Free Flow","","Sauna....",29,35,6,44
"10/17/2025","5:00 PM","75 min.","Williamsburg","Free Flow","","Sauna .",33,33,0,44
"10/17/2025","5:30 PM","75 min.","Williamsburg","Free Flow","","Sauna.",41,45,4,48
"10/17/2025","6:00 PM","75 min.","Williamsburg","Lively Free Flow","","Sauna...",33,35,2,50
"10/17/2025","6:30 PM","75 min.","Williamsburg","Lively Free Flow","","Sauna....",24,30,6,56
"10/17/2025","7:45 PM","75 min.","Williamsburg","Guided All Around: Gratitude","","Sauna",31,64,33,89
"10/17/2025","9:00 PM","120 min.","Williamsburg","Social","","Sauna .",7,30,23,112
"10/17/2025","9:20 PM","120 min.","Williamsburg","Social","","Sauna.",29,30,1,113
"10/17/2025","9:40 PM","120 min.","Williamsburg","Social","","Sauna..",35,35,0,113
"10/17/2025","10:00 PM","120 min.","Williamsburg","Social","","Sauna...",25,25,0,113
"10/18/2025","8:00 AM","75 min.","Williamsburg","Guided All Around: Release","","Sauna",64,64,0,0
"10/18/2025","9:15 AM","75 min.","Williamsburg","Guided All Around: Heart Opener","Teresa Lafferty","Sauna",61,64,3,3
"10/18/2025","10:30 AM","75 min.","Williamsburg","Guided Up: Feel Good Now","","Sauna",58,64,6,9
"10/18/2025","11:45 AM","75 min.","Williamsburg","Guided Up: Self-Care Sweat","","Sauna",48,64,16,25
"10/18/2025","1:00 PM","75 min.","Williamsburg","Lively Free Flow","","Sauna .",28,32,4,29
"10/18/2025","1:30 PM","75 min.","Williamsburg","Lively Free Flow","","Sauna.",25,32,7,36
"10/18/2025","2:00 PM","75 min.","Williamsburg","Lively Free Flow","","Sauna..",43,45,2,38
"10/18/2025","2:30 PM","75 min.","Williamsburg","Lively Free Flow","","Sauna...",33,35,2,40
"10/18/2025","3:00 PM","75 min.","Williamsburg","Lively Free Flow","","Sauna....",33,33,0,40
"10/18/2025","3:30 PM","75 min.","Williamsburg","Lively Free Flow","","Sauna .",45,45,0,40
"10/18/2025","4:00 PM","75 min.","Williamsburg","Lively Free Flow","","Sauna.",35,35,0,40
"10/18/2025","4:30 PM","75 min.","Williamsburg","Lively Free Flow","","Sauna..",33,33,0,40
"10/18/2025","5:00 PM","75 min.","Williamsburg","Lively Free Flow","","Sauna...",44,45,1,41
"10/18/2025","5:30 PM","75 min.","Williamsburg","Lively Free Flow","","Sauna....",35,35,0,41
"10/18/2025","6:00 PM","75 min.","Williamsburg","Lively Free Flow","","Sauna .",33,33,0,41
"10/18/2025","6:30 PM","75 min.","Williamsburg","Lively Free Flow","","Sauna.",34,35,1,42
"10/18/2025","7:45 PM","75 min.","Williamsburg","Guided Down: Senses","Christina Ionno","Sauna",58,64,6,48
"10/18/2025","9:00 PM","120 min.","Williamsburg","Beat Drop: DJ Takeover","","Sauna .",4,30,26,74
"10/18/2025","9:20 PM","120 min.","Williamsburg","Beat Drop: DJ Takeover","","Sauna.",27,30,3,77
"10/18/2025","9:40 PM","120 min.","Williamsburg","Beat Drop: DJ Takeover","","Sauna..",35,35,0,77
"10/18/2025","10:00 PM","120 min.","Williamsburg","Beat Drop: DJ Takeover","","Sauna...",25,25,0,77
"10/19/2025","8:00 AM","75 min.","Williamsburg","Guided Up: Awakening","Touré Lowe","Sauna",62,64,2,2
"10/19/2025","9:15 AM","75 min.","Williamsburg","Guided All Around: Gratitude","Nika Antuanette","Sauna",61,64,3,5
"10/19/2025","10:30 AM","75 min.","Williamsburg","Guided Up: Self-Care Sweat","","Sauna",36,64,28,33
"10/19/2025","11:45 AM","75 min.","Williamsburg","Guided Down: Rose, Thorn, Bud","","Sauna",58,64,6,39
"10/19/2025","1:00 PM","75 min.","Williamsburg","Lively Free Flow","","Sauna .",28,32,4,43
"10/19/2025","1:30 PM","75 min.","Williamsburg","Lively Free Flow","","Sauna.",31,32,1,44
"10/19/2025","2:00 PM","75 min.","Williamsburg","Lively Free Flow","","Sauna..",45,45,0,44
"10/19/2025","2:30 PM","75 min.","Williamsburg","Lively Free Flow","","Sauna...",32,35,3,47
"10/19/2025","3:00 PM","75 min.","Williamsburg","Lively Free Flow","","Sauna....",32,33,1,48
"10/19/2025","3:30 PM","75 min.","Williamsburg","Lively Free Flow","","Sauna .",45,45,0,48
"10/19/2025","4:00 PM","75 min.","Williamsburg","Lively Free Flow","","Sauna.",32,35,3,51
"10/19/2025","4:30 PM","75 min.","Williamsburg","Lively Free Flow","","Sauna..",30,33,3,54
"10/19/2025","5:00 PM","75 min.","Williamsburg","Lively Free Flow","","Sauna...",45,45,0,54
"10/19/2025","5:30 PM","75 min.","Williamsburg","Lively Free Flow","","Sauna .",31,35,4,58
"10/19/2025","6:00 PM","75 min.","Williamsburg","Lively Free Flow","","Sauna.",33,33,0,58
"10/19/2025","7:15 PM","75 min.","Williamsburg","Guided Down: Pure Presence","Jiva Smith","Sauna",52,64,12,70
"10/19/2025","8:30 PM","75 min.","Williamsburg","Free Flow","","Sauna .",28,30,2,72
"10/19/2025","8:45 PM","75 min.","Williamsburg","Free Flow","","Sauna.",25,25,0,72
"10/19/2025","9:15 PM","75 min.","Williamsburg","Free Flow","","Sauna..",35,35,0,72
"10/19/2025","9:30 PM","75 min.","Williamsburg","Free Flow","","Sauna...",30,30,0,72
"10/06/2025","7:00 AM","60 min.","Williamsburg","Guided Down: Sound Immersion - 60 min","","Sauna",61,64,3,3
"10/06/2025","8:30 AM","75 min.","Williamsburg","Quieter Free Flow","","Sauna .",0,40,40,43
"10/06/2025","9:00 AM","75 min.","Williamsburg","Quieter Free Flow","","Sauna.",0,40,40,83
"10/06/2025","9:30 AM","75 min.","Williamsburg","Quieter Free Flow","","Sauna..",35,40,5,88
"10/06/2025","10:00 AM","75 min.","Williamsburg","Quieter Free Flow","","Sauna...",38,40,2,90
"10/06/2025","10:15 AM","75 min.","Williamsburg","Quieter Free Flow","","Sauna....",38,40,2,92
"10/06/2025","12:00 PM","60 min.","Williamsburg","Guided All Around: Reset - 60 min","Derek Baynton","Sauna",51,64,13,105
"10/06/2025","2:45 PM","75 min.","Williamsburg","Free Flow","","Sauna...",38,40,2,107
"10/06/2025","3:15 PM","75 min.","Williamsburg","Free Flow","","Sauna....",34,40,6,113
"10/06/2025","3:45 PM","75 min.","Williamsburg","Free Flow","","Sauna .",36,40,4,117
"10/06/2025","4:15 PM","75 min.","Williamsburg","Free Flow","","Sauna.",33,40,7,124
"10/06/2025","4:45 PM","75 min.","Williamsburg","Free Flow","","Sauna..",23,30,7,131
"10/06/2025","5:15 PM","75 min.","Williamsburg","Lively Free Flow","","Sauna...",16,30,14,145
"10/06/2025","6:30 PM","75 min.","Williamsburg","Guided Down: Senses","","Sauna",17,64,47,192
"10/06/2025","7:45 PM","75 min.","Williamsburg","Guided All Around: Gratitude","","Sauna",19,64,45,237
"10/06/2025","9:00 PM","75 min.","Williamsburg","Guided All Around: Heart Opener","Teresa Lafferty","Sauna",35,64,29,266
"10/07/2025","7:00 AM","60 min.","Williamsburg","Guided Up: Awakening - 60 min","","Sauna",38,64,26,26
"10/07/2025","8:30 AM","75 min.","Williamsburg","Quieter Free Flow","","Sauna .",38,40,2,28
"10/07/2025","9:00 AM","75 min.","Williamsburg","Quieter Free Flow","","Sauna.",39,40,1,29
"10/07/2025","9:30 AM","75 min.","Williamsburg","Quieter Free Flow","","Sauna..",37,40,3,32
"10/07/2025","10:00 AM","75 min.","Williamsburg","Quieter Free Flow","","Sauna...",37,40,3,35
"10/07/2025","10:15 AM","75 min.","Williamsburg","Quieter Free Flow","","Sauna....",39,40,1,36
"10/07/2025","12:00 PM","60 min.","Williamsburg","Guided All Around: Gratitude - 60 min","Nika Antuanette","Sauna",53,64,11,47
"10/07/2025","1:30 PM","75 min.","Williamsburg","Free Flow","","Sauna.",39,40,1,48
"10/07/2025","1:45 PM","75 min.","Williamsburg","Free Flow","","Sauna .",40,40,0,48
"10/07/2025","2:15 PM","75 min.","Williamsburg","Free Flow","","Sauna..",33,40,7,55
"10/07/2025","2:45 PM","75 min.","Williamsburg","Free Flow","","Sauna...",38,40,2,57
"10/07/2025","3:15 PM","75 min.","Williamsburg","Free Flow","","Sauna....",38,40,2,59
"10/07/2025","3:45 PM","75 min.","Williamsburg","Free Flow","","Sauna .",39,40,1,60
"10/07/2025","4:15 PM","75 min.","Williamsburg","Free Flow","","Sauna.",38,40,2,62
"10/07/2025","4:45 PM","75 min.","Williamsburg","Free Flow","","Sauna..",28,30,2,64
"10/07/2025","5:15 PM","75 min.","Williamsburg","Lively Free Flow","","Sauna....",17,30,13,77
"10/07/2025","6:30 PM","75 min.","Williamsburg","Guided All Around: Acceptance","","Sauna",12,64,52,129
"10/07/2025","7:45 PM","75 min.","Williamsburg","Guided All Around: Reset","Derek Baynton","Sauna",15,64,49,178
"10/07/2025","9:00 PM","75 min.","Williamsburg","Free Flow","","Sauna .",8,30,22,200
"10/07/2025","9:15 PM","75 min.","Williamsburg","Free Flow","","Sauna.",23,25,2,202
"10/07/2025","9:30 PM","75 min.","Williamsburg","Free Flow","","Sauna..",29,34,5,207
"10/07/2025","9:45 PM","75 min.","Williamsburg","Free Flow","","Sauna...",28,30,2,209
"10/08/2025","7:00 AM","60 min.","Williamsburg","Guided Up: Arctic Tundra - 60 min","","Sauna",56,64,8,8
"10/08/2025","8:30 AM","75 min.","Williamsburg","Free Flow","","Sauna .",37,40,3,11
"10/08/2025","9:00 AM","75 min.","Williamsburg","Free Flow","","Sauna.",37,40,3,14
"10/08/2025","9:30 AM","75 min.","Williamsburg","Free Flow","","Sauna..",36,40,4,18
"10/08/2025","10:00 AM","75 min.","Williamsburg","Free Flow","","Sauna...",36,40,4,22
"10/08/2025","10:15 AM","75 min.","Williamsburg","Free Flow","","Sauna....",0,40,40,62
"10/08/2025","12:00 PM","60 min.","Williamsburg","Guided Down: Unwind - 60 min","","Sauna",52,64,12,74
"10/08/2025","1:45 PM","75 min.","Williamsburg","Free Flow","","Sauna .",32,40,8,82
"10/08/2025","2:15 PM","75 min.","Williamsburg","Free Flow","","Sauna.",36,40,4,86
"10/08/2025","2:45 PM","75 min.","Williamsburg","Free Flow","","Sauna..",36,40,4,90
"10/08/2025","3:15 PM","75 min.","Williamsburg","Free Flow","","Sauna...",39,40,1,91
"10/08/2025","3:45 PM","75 min.","Williamsburg","Free Flow","","Sauna....",36,40,4,95
"10/08/2025","4:15 PM","75 min.","Williamsburg","Free Flow","","Sauna .",23,30,7,102
"10/08/2025","5:30 PM","75 min.","Williamsburg","Guided Up: Awakening","","Sauna",45,64,19,121
"10/08/2025","6:45 PM","75 min.","Williamsburg","Guided All Around: Release","Jenny Frenkel","Sauna",,,,121
"10/08/2025","8:00 PM","75 min.","Williamsburg","Free Flow","","Sauna .",1,20,19,140
"10/08/2025","8:15 PM","75 min.","Williamsburg","Free Flow","","Sauna.",1,15,14,154
"10/08/2025","8:30 PM","75 min.","Williamsburg","Free Flow","","Sauna..",22,30,8,162
"10/08/2025","8:45 PM","75 min.","Williamsburg","Free Flow","","Sauna...",23,25,2,164
"10/08/2025","9:00 PM","75 min.","Williamsburg","Free Flow","","Sauna....",10,15,5,169
"10/08/2025","9:30 PM","75 min.","Williamsburg","Free Flow","","Sauna .",27,30,3,172
"10/08/2025","9:45 PM","75 min.","Williamsburg","Free Flow","","Sauna.",0,30,30,202
"10/09/2025","7:00 AM","60 min.","Williamsburg","Guided Down: Pure Presence - 60 min","","Sauna",58,64,6,6
"10/09/2025","8:30 AM","75 min.","Williamsburg","Free Flow","","Sauna .",33,40,7,13
"10/09/2025","9:00 AM","75 min.","Williamsburg","Free Flow","","Sauna.",35,40,5,18
"10/09/2025","9:30 AM","75 min.","Williamsburg","Free Flow","","Sauna..",37,40,3,21
"10/09/2025","10:00 AM","75 min.","Williamsburg","Free Flow","","Sauna...",39,40,1,22
"10/09/2025","10:15 AM","75 min.","Williamsburg","Free Flow","","Sauna....",33,40,7,29
"10/09/2025","12:00 PM","60 min.","Williamsburg","Guided All Around: Loving Kindness - 60 min","","Sauna",52,64,12,41
"10/09/2025","1:30 PM","75 min.","Williamsburg","Free Flow","","Sauna .",31,40,9,50
"10/09/2025","2:00 PM","75 min.","Williamsburg","Free Flow","","Sauna.",39,40,1,51
"10/09/2025","2:30 PM","75 min.","Williamsburg","Free Flow","","Sauna..",38,40,2,53
"10/09/2025","3:00 PM","75 min.","Williamsburg","Free Flow","","Sauna...",37,40,3,56
"10/09/2025","3:30 PM","75 min.","Williamsburg","Free Flow","","Sauna....",39,40,1,57
"10/09/2025","4:00 PM","75 min.","Williamsburg","Free Flow","","Sauna .",40,40,0,57
"10/09/2025","4:30 PM","75 min.","Williamsburg","Free Flow","","Sauna.",36,40,4,61
"10/09/2025","5:00 PM","75 min.","Williamsburg","Free Flow","","Sauna..",30,30,0,61
"10/09/2025","5:30 PM","75 min.","Williamsburg","Lively Free Flow","","Sauna...",12,30,18,79
"10/09/2025","6:45 PM","75 min.","Williamsburg","Guided Down: Self-Care Sweat","nicole lopes","Sauna",5,64,59,138
"10/09/2025","8:00 PM","75 min.","Williamsburg","Lively Free Flow","","Sauna .",1,20,19,157
"10/09/2025","8:15 PM","75 min.","Williamsburg","Lively Free Flow","","Sauna.",0,15,15,172
"10/09/2025","8:30 PM","75 min.","Williamsburg","Lively Free Flow","","Sauna..",13,30,17,189
"10/09/2025","8:45 PM","75 min.","Williamsburg","Lively Free Flow","","Sauna...",22,25,3,192
"10/09/2025","9:00 PM","75 min.","Williamsburg","Lively Free Flow","","Sauna....",15,15,0,192
"10/09/2025","9:30 PM","75 min.","Williamsburg","Lively Free Flow","","Sauna .",22,30,8,200
"10/09/2025","9:45 PM","75 min.","Williamsburg","Lively Free Flow","","Sauna.",28,30,2,202
"10/10/2025","7:00 AM","75 min.","Williamsburg","Guided Down: Embodied x Rhone","","Sauna",49,60,11,11
"10/10/2025","8:15 AM","75 min.","Williamsburg","Guided Down: Pure Presence x Rhone","Jiva Smith","Sauna",58,64,6,17
"10/10/2025","9:30 AM","75 min.","Williamsburg","Guided All Around: Reset x Rhone","","Sauna",45,64,19,36
"10/10/2025","10:45 AM","75 min.","Williamsburg","Guided Down: Sound Immersion x Rhone","Rootsgod Fender","Sauna",40,64,24,60
"10/10/2025","2:15 PM","75 min.","Williamsburg","Free Flow x Rhone","","Sauna....",19,33,14,74
"10/10/2025","2:30 PM","75 min.","Williamsburg","Free Flow x Rhone","","Sauna .",34,45,11,85
"10/10/2025","3:00 PM","75 min.","Williamsburg","Free Flow x Rhone","","Sauna.",30,35,5,90
"10/10/2025","3:30 PM","75 min.","Williamsburg","Free Flow x Rhone","","Sauna..",31,33,2,92
"10/10/2025","4:00 PM","75 min.","Williamsburg","Free Flow x Rhone","","Sauna...",32,45,13,105
"10/10/2025","4:30 PM","75 min.","Williamsburg","Free Flow x Rhone","","Sauna....",17,35,18,123
"10/10/2025","5:00 PM","75 min.","Williamsburg","Free Flow x Rhone","","Sauna .",26,33,7,130
"10/10/2025","5:30 PM","75 min.","Williamsburg","Free Flow x Rhone","","Sauna.",33,45,12,142
"10/10/2025","6:00 PM","75 min.","Williamsburg","Free Flow x Rhone","","Sauna...",20,35,15,157
"10/10/2025","6:30 PM","75 min.","Williamsburg","Free Flow x Rhone","","Sauna....",0,30,30,187
"10/10/2025","7:45 PM","75 min.","Williamsburg","Guided Down: Senses x Rhone","Christina Ionno","Sauna",3,64,61,248
"10/10/2025","9:00 PM","120 min.","Williamsburg","Social x Rhone","","Sauna .",3,30,27,275
"10/10/2025","9:20 PM","120 min.","Williamsburg","Social x Rhone","","Sauna.",2,30,28,303
"10/10/2025","9:40 PM","120 min.","Williamsburg","Social x Rhone","","Sauna..",30,35,5,308
"10/10/2025","10:00 PM","120 min.","Williamsburg","Social x Rhone","","Sauna...",22,25,3,311
"10/11/2025","8:00 AM","75 min.","Williamsburg","Guided Up: Feel Good Now","","Sauna",61,64,3,3
"10/11/2025","9:15 AM","75 min.","Williamsburg","Guided All Around: Heart Opener","Teresa Lafferty","Sauna",49,64,15,18
"10/11/2025","10:30 AM","75 min.","Williamsburg","Guided All Around: Release","","Sauna",1,64,63,81
"10/11/2025","11:45 AM","75 min.","Williamsburg","Guided Up: Self-Care Sweat","","Sauna",2,64,62,143
"10/11/2025","1:00 PM","75 min.","Williamsburg","Lively Free Flow","","Sauna .",0,32,32,175
"10/11/2025","1:30 PM","75 min.","Williamsburg","Lively Free Flow","","Sauna.",10,32,22,197
"10/11/2025","2:00 PM","75 min.","Williamsburg","Lively Free Flow","","Sauna..",16,45,29,226
"10/11/2025","2:30 PM","75 min.","Williamsburg","Lively Free Flow","","Sauna...",24,35,11,237
"10/11/2025","3:00 PM","75 min.","Williamsburg","Lively Free Flow","","Sauna....",16,33,17,254
"10/11/2025","3:30 PM","75 min.","Williamsburg","Lively Free Flow","","Sauna .",25,45,20,274
"10/11/2025","4:00 PM","75 min.","Williamsburg","Lively Free Flow","","Sauna.",23,35,12,286
"10/11/2025","4:30 PM","75 min.","Williamsburg","Lively Free Flow","","Sauna..",17,33,16,302
"10/11/2025","5:00 PM","75 min.","Williamsburg","Lively Free Flow","","Sauna...",28,45,17,319
"10/11/2025","5:30 PM","75 min.","Williamsburg","Lively Free Flow","","Sauna....",15,35,20,339
"10/11/2025","6:00 PM","75 min.","Williamsburg","Lively Free Flow","","Sauna .",28,33,5,344
"10/11/2025","6:30 PM","75 min.","Williamsburg","Lively Free Flow","","Sauna.",8,35,27,371
"10/11/2025","7:45 PM","75 min.","Williamsburg","Guided Down: Deep Stretch","","Sauna",2,64,62,433
"10/11/2025","9:00 PM","120 min.","Williamsburg","Social","","Sauna .",12,30,18,451
"10/11/2025","9:20 PM","120 min.","Williamsburg","Social","","Sauna.",18,30,12,463
"10/11/2025","9:40 PM","120 min.","Williamsburg","Social","","Sauna..",31,35,4,467
"10/11/2025","10:00 PM","120 min.","Williamsburg","Social","","Sauna...",23,25,2,469
"10/12/2025","8:00 AM","75 min.","Williamsburg","Guided Down: Embodied","","Sauna",52,60,8,8
"10/12/2025","9:15 AM","75 min.","Williamsburg","Guided Down: Pure Presence","","Sauna",38,64,26,34
"10/12/2025","10:30 AM","75 min.","Williamsburg","Guided Up: Awakening","Touré Lowe","Sauna",14,64,50,84
"10/12/2025","11:45 AM","75 min.","Williamsburg","Guided All Around: Gratitude","Nika Antuanette","Sauna",7,64,57,141
"10/12/2025","1:00 PM","75 min.","Williamsburg","Lively Free Flow","","Sauna .",0,32,32,173
"10/12/2025","1:30 PM","75 min.","Williamsburg","Lively Free Flow","","Sauna.",3,32,29,202
"10/12/2025","2:00 PM","75 min.","Williamsburg","Lively Free Flow","","Sauna..",0,45,45,247
"10/12/2025","2:30 PM","75 min.","Williamsburg","Lively Free Flow","","Sauna...",4,35,31,278
"10/12/2025","3:00 PM","75 min.","Williamsburg","Lively Free Flow","","Sauna....",12,33,21,299
"10/12/2025","3:30 PM","75 min.","Williamsburg","Lively Free Flow","","Sauna .",17,45,28,327
"10/12/2025","4:00 PM","75 min.","Williamsburg","Lively Free Flow","","Sauna.",6,35,29,356
"10/12/2025","4:30 PM","75 min.","Williamsburg","Lively Free Flow","","Sauna..",7,33,26,382
"10/12/2025","5:00 PM","75 min.","Williamsburg","Lively Free Flow","","Sauna...",5,45,40,422
"10/12/2025","5:30 PM","75 min.","Williamsburg","Lively Free Flow","","Sauna .",26,35,9,431
"10/12/2025","6:00 PM","75 min.","Williamsburg","Lively Free Flow","","Sauna.",6,33,27,458
"10/12/2025","7:15 PM","75 min.","Williamsburg","Guided All Around: Gratitude","Aaron Albert","Sauna",15,64,49,507
"10/12/2025","8:30 PM","75 min.","Williamsburg","Free Flow","","Sauna .",16,30,14,521
"10/12/2025","8:45 PM","75 min.","Williamsburg","Free Flow","","Sauna.",20,25,5,526
"10/12/2025","9:15 PM","75 min.","Williamsburg","Free Flow","","Sauna..",29,35,6,532
"10/12/2025","9:30 PM","75 min.","Williamsburg","Free Flow","","Sauna...",27,30,3,535
"09/29/2025","7:00 AM","60 min.","Williamsburg","Guided All Around: Reset - 60 min","Derek Baynton","Sauna",62,64,2,2
"09/29/2025","8:30 AM","75 min.","Williamsburg","Quieter Free Flow","","Sauna .",36,40,4,6
"09/29/2025","9:00 AM","75 min.","Williamsburg","Quieter Free Flow","","Sauna.",39,40,1,7
"09/29/2025","9:30 AM","75 min.","Williamsburg","Quieter Free Flow","","Sauna..",36,40,4,11
"09/29/2025","10:00 AM","75 min.","Williamsburg","Quieter Free Flow","","Sauna...",37,40,3,14
"09/29/2025","10:15 AM","75 min.","Williamsburg","Quieter Free Flow","","Sauna....",36,40,4,18
"09/29/2025","1:45 PM","75 min.","Williamsburg","Free Flow","","Sauna.",35,40,5,23
"09/29/2025","2:15 PM","75 min.","Williamsburg","Free Flow","","Sauna..",34,40,6,29
"09/29/2025","2:45 PM","75 min.","Williamsburg","Free Flow","","Sauna...",40,40,0,29
"09/29/2025","3:15 PM","75 min.","Williamsburg","Free Flow","","Sauna....",40,40,0,29
"09/29/2025","3:45 PM","75 min.","Williamsburg","Free Flow","","Sauna .",38,40,2,31
"09/29/2025","4:15 PM","75 min.","Williamsburg","Free Flow","","Sauna.",32,40,8,39
"09/29/2025","4:45 PM","75 min.","Williamsburg","Free Flow","","Sauna..",26,30,4,43
"09/29/2025","5:15 PM","75 min.","Williamsburg","Lively Free Flow","","Sauna...",16,30,14,57
"09/29/2025","6:30 PM","75 min.","Williamsburg","Guided All Around: Journey Through the Elements","","Sauna",23,64,41,98
"09/29/2025","7:45 PM","75 min.","Williamsburg","Guided All Around: Gratitude","","Sauna",27,64,37,135
"09/29/2025","9:00 PM","75 min.","Williamsburg","Guided Down: Senses","","Sauna",46,64,18,153
"09/30/2025","7:00 AM","60 min.","Williamsburg","Guided Up: Awakening - 60 min","","Sauna",0,64,64,64
"09/30/2025","8:30 AM","75 min.","Williamsburg","Quieter Free Flow","","Sauna .",0,40,40,104
"09/30/2025","9:00 AM","75 min.","Williamsburg","Quieter Free Flow","","Sauna.",0,40,40,144
"09/30/2025","9:30 AM","75 min.","Williamsburg","Quieter Free Flow","","Sauna..",0,40,40,184
"09/30/2025","10:00 AM","75 min.","Williamsburg","Quieter Free Flow","","Sauna...",0,40,40,224
"09/30/2025","10:15 AM","75 min.","Williamsburg","Quieter Free Flow","","Sauna....",0,40,40,264
"09/30/2025","12:00 PM","60 min.","Williamsburg","Guided All Around: Loving Kindness - 60 min","Daisy Dai","Sauna",0,64,64,328
"09/30/2025","1:30 PM","75 min.","Williamsburg","Free Flow","","Sauna.",0,40,40,368
"09/30/2025","1:45 PM","75 min.","Williamsburg","Free Flow","","Sauna .",0,40,40,408
"09/30/2025","2:15 PM","75 min.","Williamsburg","Free Flow","","Sauna..",0,40,40,448
"09/30/2025","2:45 PM","75 min.","Williamsburg","Free Flow","","Sauna...",0,40,40,488
"09/30/2025","3:15 PM","75 min.","Williamsburg","Free Flow","","Sauna....",35,40,5,493
"09/30/2025","3:45 PM","75 min.","Williamsburg","Free Flow","","Sauna .",38,40,2,495
"09/30/2025","4:15 PM","75 min.","Williamsburg","Free Flow","","Sauna.",35,40,5,500
"09/30/2025","4:45 PM","75 min.","Williamsburg","Free Flow","","Sauna..",28,30,2,502
"09/30/2025","5:15 PM","75 min.","Williamsburg","Lively Free Flow","","Sauna....",17,30,13,515
"09/30/2025","6:30 PM","75 min.","Williamsburg","Guided All Around: Acceptance","","Sauna",26,64,38,553
"09/30/2025","7:45 PM","75 min.","Williamsburg","Guided All Around: Reset","Derek Baynton","Sauna",4,64,60,613
"09/30/2025","9:00 PM","75 min.","Williamsburg","Free Flow","","Sauna .",9,30,21,634
"09/30/2025","9:15 PM","75 min.","Williamsburg","Free Flow","","Sauna.",20,25,5,639
"09/30/2025","9:30 PM","75 min.","Williamsburg","Free Flow","","Sauna..",30,34,4,643
"09/30/2025","9:45 PM","75 min.","Williamsburg","Free Flow","","Sauna...",26,30,4,647
"10/01/2025","7:00 AM","60 min.","Williamsburg","Guided Down: Senses - 60 min","","Sauna",57,64,7,7
"10/01/2025","8:30 AM","75 min.","Williamsburg","Free Flow","","Sauna .",38,40,2,9
"10/01/2025","9:00 AM","75 min.","Williamsburg","Free Flow","","Sauna.",36,40,4,13
"10/01/2025","9:30 AM","75 min.","Williamsburg","Free Flow","","Sauna..",40,40,0,13
"10/01/2025","10:00 AM","75 min.","Williamsburg","Free Flow","","Sauna...",39,40,1,14
"10/01/2025","10:15 AM","75 min.","Williamsburg","Free Flow","","Sauna....",37,40,3,17
"10/01/2025","12:00 PM","60 min.","Williamsburg","Guided Down: Unwind - 60 min","","Sauna",55,64,9,26
"10/01/2025","1:45 PM","75 min.","Williamsburg","Free Flow","","Sauna .",33,40,7,33
"10/01/2025","2:15 PM","75 min.","Williamsburg","Free Flow","","Sauna.",38,40,2,35
"10/01/2025","2:45 PM","75 min.","Williamsburg","Free Flow","","Sauna..",39,40,1,36
"10/01/2025","3:15 PM","75 min.","Williamsburg","Free Flow","","Sauna...",34,40,6,42
"10/01/2025","3:45 PM","75 min.","Williamsburg","Free Flow","","Sauna....",39,40,1,43
"10/01/2025","4:15 PM","75 min.","Williamsburg","Free Flow","","Sauna .",25,30,5,48
"10/01/2025","5:30 PM","75 min.","Williamsburg","Guided All Around: Loving Kindness","Daisy Dai","Sauna",46,64,18,66
"10/01/2025","6:45 PM","75 min.","Williamsburg","Guided All Around: Heart Opener","Teresa Lafferty","Sauna",23,64,41,107
"10/01/2025","8:00 PM","75 min.","Williamsburg","Free Flow","","Sauna .",0,20,20,127
"10/01/2025","8:15 PM","75 min.","Williamsburg","Free Flow","","Sauna.",3,15,12,139
"10/01/2025","8:30 PM","75 min.","Williamsburg","Free Flow","","Sauna..",20,30,10,149
"10/01/2025","8:45 PM","75 min.","Williamsburg","Free Flow","","Sauna...",13,25,12,161
"10/01/2025","9:00 PM","75 min.","Williamsburg","Free Flow","","Sauna....",8,15,7,168
"10/01/2025","9:30 PM","75 min.","Williamsburg","Free Flow","","Sauna .",27,30,3,171
"10/01/2025","9:45 PM","75 min.","Williamsburg","Free Flow","","Sauna.",29,30,1,172
"10/02/2025","7:00 AM","60 min.","Williamsburg","Guided Down: Rose, Thorn, Bud - 60 min","","Sauna",61,64,3,3
"10/02/2025","8:30 AM","75 min.","Williamsburg","Free Flow","","Sauna .",35,40,5,8
"10/02/2025","9:00 AM","75 min.","Williamsburg","Free Flow","","Sauna.",38,40,2,10
"10/02/2025","9:30 AM","75 min.","Williamsburg","Free Flow","","Sauna..",36,40,4,14
"10/02/2025","10:00 AM","75 min.","Williamsburg","Free Flow","","Sauna...",39,40,1,15
"10/02/2025","10:15 AM","75 min.","Williamsburg","Free Flow","","Sauna....",35,40,5,20
"10/02/2025","12:00 PM","60 min.","Williamsburg","Guided All Around: Heart Opener - 60 min","Teresa Lafferty","Sauna",46,64,18,38
"10/02/2025","1:30 PM","75 min.","Williamsburg","Free Flow","","Sauna .",31,40,9,47
"10/02/2025","2:00 PM","75 min.","Williamsburg","Free Flow","","Sauna.",39,40,1,48
"10/02/2025","2:30 PM","75 min.","Williamsburg","Free Flow","","Sauna..",34,40,6,54
"10/02/2025","3:00 PM","75 min.","Williamsburg","Free Flow","","Sauna...",35,40,5,59
"10/02/2025","3:30 PM","75 min.","Williamsburg","Free Flow","","Sauna....",40,40,0,59
"10/02/2025","4:00 PM","75 min.","Williamsburg","Free Flow","","Sauna .",35,40,5,64
"10/02/2025","4:30 PM","75 min.","Williamsburg","Free Flow","","Sauna.",40,40,0,64
"10/02/2025","5:00 PM","75 min.","Williamsburg","Free Flow","","Sauna..",30,30,0,64
"10/02/2025","5:30 PM","75 min.","Williamsburg","Lively Free Flow","","Sauna...",10,30,20,84
"10/02/2025","6:45 PM","75 min.","Williamsburg","Guided All Around: Sound Immersion","","Sauna",7,64,57,141
"10/02/2025","8:00 PM","75 min.","Williamsburg","Lively Free Flow","","Sauna .",5,20,15,156
"10/02/2025","8:15 PM","75 min.","Williamsburg","Lively Free Flow","","Sauna.",6,15,9,165
"10/02/2025","8:30 PM","75 min.","Williamsburg","Lively Free Flow","","Sauna..",3,30,27,192
"10/02/2025","8:45 PM","75 min.","Williamsburg","Lively Free Flow","","Sauna...",5,25,20,212
"10/02/2025","9:00 PM","75 min.","Williamsburg","Lively Free Flow","","Sauna....",8,15,7,219
"10/02/2025","9:30 PM","75 min.","Williamsburg","Lively Free Flow","","Sauna .",6,30,24,243
"10/02/2025","9:45 PM","75 min.","Williamsburg","Lively Free Flow","","Sauna.",30,30,0,243
"10/03/2025","7:00 AM","75 min.","Williamsburg","Guided Up: Self-Care Sweat","","Sauna",59,64,5,5
"10/03/2025","8:15 AM","75 min.","Williamsburg","Guided Down: Pure Presence","Jiva Smith","Sauna",53,64,11,16
"10/03/2025","9:30 AM","75 min.","Williamsburg","Guided All Around: Reset","","Sauna",51,64,13,29
"10/03/2025","10:45 AM","75 min.","Williamsburg","Guided Down: Sound Immersion","Rootsgod Fender","Sauna",47,64,17,46
"10/03/2025","12:00 PM","75 min.","Williamsburg","Free Flow","","Sauna .",25,32,7,53
"10/03/2025","12:30 PM","75 min.","Williamsburg","Free Flow","","Sauna.",25,32,7,60
"10/03/2025","1:00 PM","75 min.","Williamsburg","Free Flow","","Sauna..",44,45,1,61
"10/03/2025","1:30 PM","75 min.","Williamsburg","Free Flow","","Sauna...",30,35,5,66
"10/03/2025","2:00 PM","75 min.","Williamsburg","Free Flow","","Sauna....",28,33,5,71
"10/03/2025","2:30 PM","75 min.","Williamsburg","Free Flow","","Sauna .",43,45,2,73
"10/03/2025","3:00 PM","75 min.","Williamsburg","Free Flow","","Sauna.",29,35,6,79
"10/03/2025","3:30 PM","75 min.","Williamsburg","Free Flow","","Sauna..",27,33,6,85
"10/03/2025","4:00 PM","75 min.","Williamsburg","Free Flow","","Sauna...",39,45,6,91
"10/03/2025","4:30 PM","75 min.","Williamsburg","Free Flow","","Sauna....",30,35,5,96
"10/03/2025","5:00 PM","75 min.","Williamsburg","Free Flow","","Sauna .",30,33,3,99
"10/03/2025","5:30 PM","75 min.","Williamsburg","Free Flow","","Sauna.",35,45,10,109
"10/03/2025","6:00 PM","75 min.","Williamsburg","Lively Free Flow","","Sauna...",11,35,24,133
"10/03/2025","6:30 PM","75 min.","Williamsburg","Lively Free Flow","","Sauna....",6,30,24,157
"10/03/2025","7:45 PM","75 min.","Williamsburg","Guided Down: Sound Immersion","Rootsgod Fender","Sauna",13,64,51,208
"10/03/2025","9:00 PM","120 min.","Williamsburg","Social","","Sauna .",1,30,29,237
"10/03/2025","9:20 PM","120 min.","Williamsburg","Social","","Sauna.",1,30,29,266
"10/03/2025","9:40 PM","120 min.","Williamsburg","Social","","Sauna..",13,35,22,288
"10/03/2025","10:00 PM","120 min.","Williamsburg","Social","","Sauna...",0,25,25,313
"10/04/2025","8:00 AM","75 min.","Williamsburg","Guided All Around: Release","","Sauna",57,64,7,7
"10/04/2025","9:15 AM","75 min.","Williamsburg","Guided All Around: Heart Opener","Teresa Lafferty","Sauna",48,64,16,23
"10/04/2025","10:30 AM","75 min.","Williamsburg","Guided Up: Feel Good Now","","Sauna",30,64,34,57
"10/04/2025","11:45 AM","75 min.","Williamsburg","Guided Down: Self-Care Sweat","","Sauna",2,64,62,119
"10/04/2025","1:00 PM","75 min.","Williamsburg","Lively Free Flow","","Sauna .",0,32,32,151
"10/04/2025","1:30 PM","75 min.","Williamsburg","Lively Free Flow","","Sauna.",14,32,18,169
"10/04/2025","2:00 PM","75 min.","Williamsburg","Lively Free Flow","","Sauna..",20,45,25,194
"10/04/2025","2:30 PM","75 min.","Williamsburg","Lively Free Flow","","Sauna...",29,35,6,200
"10/04/2025","3:00 PM","75 min.","Williamsburg","Lively Free Flow","","Sauna....",19,33,14,214
"10/04/2025","3:30 PM","75 min.","Williamsburg","Lively Free Flow","","Sauna .",25,45,20,234
"10/04/2025","4:00 PM","75 min.","Williamsburg","Lively Free Flow","","Sauna.",22,35,13,247
"10/04/2025","4:30 PM","75 min.","Williamsburg","Lively Free Flow","","Sauna..",27,33,6,253
"10/04/2025","5:00 PM","75 min.","Williamsburg","Lively Free Flow","","Sauna...",37,45,8,261
"10/04/2025","5:30 PM","75 min.","Williamsburg","Lively Free Flow","","Sauna....",28,35,7,268
"10/04/2025","6:00 PM","75 min.","Williamsburg","Lively Free Flow","","Sauna .",22,33,11,279
"10/04/2025","6:30 PM","75 min.","Williamsburg","Lively Free Flow","","Sauna.",21,35,14,293
"10/04/2025","7:45 PM","75 min.","Williamsburg","Guided Down: Senses","Christina Ionno","Sauna",30,64,34,327
"10/05/2025","8:00 AM","75 min.","Williamsburg","Guided Down: Sound Immersion","","Sauna",55,64,9,9
"10/05/2025","9:15 AM","75 min.","Williamsburg","Guided Down: Pure Presence","","Sauna",41,64,23,32
"10/05/2025","10:30 AM","75 min.","Williamsburg","Guided Up: Awakening","Touré Lowe","Sauna",4,64,60,92
"10/05/2025","11:45 AM","75 min.","Williamsburg","Guided All Around: Gratitude","Nika Antuanette","Sauna",5,64,59,151
"10/05/2025","1:00 PM","75 min.","Williamsburg","Lively Free Flow","","Sauna .",0,32,32,183
"10/05/2025","1:30 PM","75 min.","Williamsburg","Lively Free Flow","","Sauna.",10,32,22,205
"10/05/2025","2:00 PM","75 min.","Williamsburg","Lively Free Flow","","Sauna..",31,45,14,219
"10/05/2025","2:30 PM","75 min.","Williamsburg","Lively Free Flow","","Sauna...",23,35,12,231
"10/05/2025","3:00 PM","75 min.","Williamsburg","Lively Free Flow","","Sauna....",19,33,14,245
"10/05/2025","3:30 PM","75 min.","Williamsburg","Lively Free Flow","","Sauna .",31,45,14,259
"10/05/2025","4:00 PM","75 min.","Williamsburg","Lively Free Flow","","Sauna.",11,35,24,283
"10/05/2025","4:30 PM","75 min.","Williamsburg","Lively Free Flow","","Sauna..",24,33,9,292
"10/05/2025","5:00 PM","75 min.","Williamsburg","Lively Free Flow","","Sauna...",29,45,16,308
"10/05/2025","5:30 PM","75 min.","Williamsburg","Lively Free Flow","","Sauna .",31,35,4,312
"10/05/2025","6:00 PM","75 min.","Williamsburg","Lively Free Flow","","Sauna.",16,33,17,329
"10/05/2025","7:15 PM","75 min.","Williamsburg","Guided Down: Embodied","","Sauna",2,64,62,391
"10/05/2025","8:30 PM","75 min.","Williamsburg","Free Flow","","Sauna .",4,30,26,417
"10/05/2025","8:45 PM","75 min.","Williamsburg","Free Flow","","Sauna.",20,25,5,422
"10/05/2025","9:15 PM","75 min.","Williamsburg","Free Flow","","Sauna..",33,35,2,424
"10/05/2025","9:30 PM","75 min.","Williamsburg","Free Flow","","Sauna...",30,30,0,424
"09/22/2025","7:00 AM","60 min.","Williamsburg","Guided Down: Sound Immersion - 60 min","","Sauna",60,64,4,4
"09/22/2025","8:30 AM","75 min.","Williamsburg","Quieter Free Flow","","Sauna .",36,40,4,8
"09/22/2025","9:00 AM","75 min.","Williamsburg","Quieter Free Flow","","Sauna.",38,40,2,10
"09/22/2025","9:30 AM","75 min.","Williamsburg","Quieter Free Flow","","Sauna..",40,40,0,10
"09/22/2025","10:00 AM","75 min.","Williamsburg","Quieter Free Flow","","Sauna...",39,40,1,11
"09/22/2025","10:15 AM","75 min.","Williamsburg","Quieter Free Flow","","Sauna....",37,40,3,14
"09/22/2025","12:00 PM","60 min.","Williamsburg","Guided All Around: Release - 60 min","Jenny Frenkel","Sauna",48,64,16,30
"09/22/2025","1:30 PM","75 min.","Williamsburg","Free Flow","","Sauna .",34,40,6,36
"09/22/2025","1:45 PM","75 min.","Williamsburg","Free Flow","","Sauna.",39,40,1,37
"09/22/2025","2:15 PM","75 min.","Williamsburg","Free Flow","","Sauna..",37,40,3,40
"09/22/2025","2:45 PM","75 min.","Williamsburg","Free Flow","","Sauna...",40,40,0,40
"09/22/2025","3:15 PM","75 min.","Williamsburg","Free Flow","","Sauna....",38,40,2,42
"09/22/2025","3:45 PM","75 min.","Williamsburg","Free Flow","","Sauna .",35,40,5,47
"09/22/2025","4:15 PM","75 min.","Williamsburg","Free Flow","","Sauna.",36,40,4,51
"09/22/2025","4:45 PM","75 min.","Williamsburg","Free Flow","","Sauna..",27,30,3,54
"09/22/2025","5:15 PM","75 min.","Williamsburg","Lively Free Flow","","Sauna...",17,30,13,67
"09/22/2025","6:30 PM","75 min.","Williamsburg","Guided All Around: Reset","","Sauna",9,64,55,122
"09/22/2025","7:45 PM","75 min.","Williamsburg","Guided All Around: Heart Opener","","Sauna",44,64,20,142
"09/22/2025","9:00 PM","75 min.","Williamsburg","Guided All Around: Journey Through the Seasons","","Sauna",54,64,10,152
"09/23/2025","7:00 AM","60 min.","Williamsburg","Guided Down: Senses - 60 min","Christina Ionno","Sauna",64,64,0,0
"09/23/2025","8:30 AM","75 min.","Williamsburg","Quieter Free Flow","","Sauna .",38,40,2,2
"09/23/2025","9:00 AM","75 min.","Williamsburg","Quieter Free Flow","","Sauna.",36,40,4,6
"09/23/2025","9:30 AM","75 min.","Williamsburg","Quieter Free Flow","","Sauna..",39,40,1,7
"09/23/2025","10:00 AM","75 min.","Williamsburg","Quieter Free Flow","","Sauna...",37,40,3,10
"09/23/2025","10:15 AM","75 min.","Williamsburg","Quieter Free Flow","","Sauna....",36,40,4,14
"09/23/2025","12:00 PM","60 min.","Williamsburg","Guided All Around: Loving Kindness - 60 min","","Sauna",57,64,7,21
"09/23/2025","1:30 PM","75 min.","Williamsburg","Free Flow","","Sauna.",34,40,6,27
"09/23/2025","1:45 PM","75 min.","Williamsburg","Free Flow","","Sauna .",36,40,4,31
"09/23/2025","2:15 PM","75 min.","Williamsburg","Free Flow","","Sauna..",36,40,4,35
"09/23/2025","2:45 PM","75 min.","Williamsburg","Free Flow","","Sauna...",39,40,1,36
"09/23/2025","3:15 PM","75 min.","Williamsburg","Free Flow","","Sauna....",36,40,4,40
"09/23/2025","3:45 PM","75 min.","Williamsburg","Free Flow","","Sauna .",40,40,0,40
"09/23/2025","4:15 PM","75 min.","Williamsburg","Free Flow","","Sauna.",39,40,1,41
"09/23/2025","4:45 PM","75 min.","Williamsburg","Free Flow","","Sauna..",28,30,2,43
"09/23/2025","5:15 PM","75 min.","Williamsburg","Lively Free Flow","","Sauna....",18,30,12,55
"09/23/2025","6:30 PM","75 min.","Williamsburg","Guided All Around: Acceptance","","Sauna",32,64,32,87
"09/23/2025","7:45 PM","75 min.","Williamsburg","Guided Down: Unwind","Brian Lamy","Sauna",11,64,53,140
"09/23/2025","9:00 PM","75 min.","Williamsburg","Free Flow","","Sauna .",2,30,28,168
"09/23/2025","9:15 PM","75 min.","Williamsburg","Free Flow","","Sauna.",22,25,3,171
"09/23/2025","9:30 PM","75 min.","Williamsburg","Free Flow","","Sauna..",32,34,2,173
"09/23/2025","9:45 PM","75 min.","Williamsburg","Free Flow","","Sauna...",25,30,5,178
"09/24/2025","7:00 AM","60 min.","Williamsburg","Guided Up: Arctic Tundra - 60 min","","Sauna",58,64,6,6
"09/24/2025","8:30 AM","75 min.","Williamsburg","Free Flow","","Sauna .",36,40,4,10
"09/24/2025","9:00 AM","75 min.","Williamsburg","Free Flow","","Sauna.",38,40,2,12
"09/24/2025","9:30 AM","75 min.","Williamsburg","Free Flow","","Sauna..",39,40,1,13
"09/24/2025","10:00 AM","75 min.","Williamsburg","Free Flow","","Sauna...",38,40,2,15
"09/24/2025","10:15 AM","75 min.","Williamsburg","Free Flow","","Sauna....",31,40,9,24
"09/24/2025","12:00 PM","60 min.","Williamsburg","Guided Down: Unwind - 60 min","","Sauna",54,64,10,34
"09/24/2025","1:45 PM","75 min.","Williamsburg","Free Flow","","Sauna .",27,40,13,47
"09/24/2025","2:15 PM","75 min.","Williamsburg","Free Flow","","Sauna.",39,40,1,48
"09/24/2025","2:45 PM","75 min.","Williamsburg","Free Flow","","Sauna..",38,40,2,50
"09/24/2025","3:15 PM","75 min.","Williamsburg","Free Flow","","Sauna...",39,40,1,51
"09/24/2025","3:45 PM","75 min.","Williamsburg","Free Flow","","Sauna....",35,40,5,56
"09/24/2025","4:15 PM","75 min.","Williamsburg","Free Flow","","Sauna .",25,30,5,61
"09/24/2025","5:30 PM","75 min.","Williamsburg","Guided Up: Awakening","","Sauna",54,64,10,71
"09/24/2025","6:45 PM","75 min.","Williamsburg","Guided All Around: Heart Opener","Teresa Lafferty","Sauna",32,64,32,103
"09/24/2025","8:00 PM","75 min.","Williamsburg","Free Flow","","Sauna .",0,20,20,123
"09/24/2025","8:15 PM","75 min.","Williamsburg","Free Flow","","Sauna.",4,15,11,134
"09/24/2025","8:30 PM","75 min.","Williamsburg","Free Flow","","Sauna..",22,30,8,142
"09/24/2025","8:45 PM","75 min.","Williamsburg","Free Flow","","Sauna...",23,25,2,144
"09/24/2025","9:00 PM","75 min.","Williamsburg","Free Flow","","Sauna....",7,15,8,152
"09/24/2025","9:30 PM","75 min.","Williamsburg","Free Flow","","Sauna .",16,30,14,166
"09/24/2025","9:45 PM","75 min.","Williamsburg","Free Flow","","Sauna.",27,30,3,169
"09/25/2025","8:30 AM","75 min.","Williamsburg","Free Flow","","Sauna .",34,40,6,6
"09/25/2025","9:00 AM","75 min.","Williamsburg","Free Flow","","Sauna.",38,40,2,8
"09/25/2025","9:30 AM","75 min.","Williamsburg","Free Flow","","Sauna..",39,40,1,9
"09/25/2025","10:00 AM","75 min.","Williamsburg","Free Flow","","Sauna...",37,40,3,12
"09/25/2025","10:15 AM","75 min.","Williamsburg","Free Flow","","Sauna....",39,40,1,13
"09/25/2025","12:00 PM","60 min.","Williamsburg","Guided Up: Awakening - 60 min","","Sauna",55,64,9,22
"09/25/2025","3:30 PM","75 min.","Williamsburg","Free Flow","","Sauna....",31,40,9,31
"09/25/2025","4:00 PM","75 min.","Williamsburg","Free Flow","","Sauna .",36,40,4,35
"09/25/2025","4:30 PM","75 min.","Williamsburg","Free Flow","","Sauna.",35,40,5,40
"09/25/2025","5:00 PM","75 min.","Williamsburg","Free Flow","","Sauna..",25,30,5,45
"09/25/2025","5:30 PM","75 min.","Williamsburg","Lively Free Flow","","Sauna...",22,30,8,53
"09/25/2025","6:45 PM","75 min.","Williamsburg","Guided All Around: Loving Kindness","Daisy Dai","Sauna",11,64,53,106
"09/25/2025","8:00 PM","75 min.","Williamsburg","Lively Free Flow","","Sauna .",1,20,19,125
"09/25/2025","8:15 PM","75 min.","Williamsburg","Lively Free Flow","","Sauna.",2,15,13,138
"09/25/2025","8:30 PM","75 min.","Williamsburg","Lively Free Flow","","Sauna..",19,30,11,149
"09/25/2025","8:45 PM","75 min.","Williamsburg","Lively Free Flow","","Sauna...",24,25,1,150
"09/25/2025","9:00 PM","75 min.","Williamsburg","Lively Free Flow","","Sauna....",5,15,10,160
"09/25/2025","9:30 PM","75 min.","Williamsburg","Lively Free Flow","","Sauna .",28,30,2,162
"09/25/2025","9:45 PM","75 min.","Williamsburg","Lively Free Flow","","Sauna.",0,30,30,192
"09/26/2025","7:00 AM","75 min.","Williamsburg","Guided Down: Embodied","","Sauna",49,60,11,11
"09/26/2025","8:15 AM","75 min.","Williamsburg","Guided Down: Pure Presence","Jiva Smith","Sauna",53,64,11,22
"09/26/2025","9:30 AM","75 min.","Williamsburg","Guided All Around: Reset","","Sauna",52,64,12,34
"09/26/2025","10:45 AM","75 min.","Williamsburg","Guided Down: Sound Immersion","Rootsgod Fender","Sauna",44,64,20,54
"09/26/2025","12:00 PM","75 min.","Williamsburg","Free Flow","","Sauna .",28,32,4,58
"09/26/2025","12:30 PM","75 min.","Williamsburg","Free Flow","","Sauna.",27,32,5,63
"09/26/2025","1:00 PM","75 min.","Williamsburg","Free Flow","","Sauna..",40,45,5,68
"09/26/2025","1:30 PM","75 min.","Williamsburg","Free Flow","","Sauna...",31,35,4,72
"09/26/2025","2:00 PM","75 min.","Williamsburg","Free Flow","","Sauna....",32,33,1,73
"09/26/2025","2:30 PM","75 min.","Williamsburg","Free Flow","","Sauna .",42,45,3,76
"09/26/2025","3:00 PM","75 min.","Williamsburg","Free Flow","","Sauna.",28,35,7,83
"09/26/2025","3:30 PM","75 min.","Williamsburg","Free Flow","","Sauna..",31,33,2,85
"09/26/2025","4:00 PM","75 min.","Williamsburg","Free Flow","","Sauna...",33,45,12,97
"09/26/2025","4:30 PM","75 min.","Williamsburg","Free Flow","","Sauna....",33,35,2,99
"09/26/2025","5:00 PM","75 min.","Williamsburg","Free Flow","","Sauna .",27,33,6,105
"09/26/2025","5:30 PM","75 min.","Williamsburg","Free Flow","","Sauna.",38,45,7,112
"09/26/2025","6:00 PM","75 min.","Williamsburg","Lively Free Flow","","Sauna...",18,35,17,129
"09/26/2025","6:30 PM","75 min.","Williamsburg","Lively Free Flow","","Sauna....",8,30,22,151
"09/26/2025","7:45 PM","75 min.","Williamsburg","Guided Down: Senses","Christina Ionno","Sauna",4,64,60,211
"09/26/2025","9:00 PM","120 min.","Williamsburg","Beat Drop: DJ Takeover","","Sauna .",1,32,31,242
"09/26/2025","9:20 PM","120 min.","Williamsburg","Beat Drop: DJ Takeover","","Sauna.",1,30,29,271
"09/26/2025","9:40 PM","120 min.","Williamsburg","Beat Drop: DJ Takeover","","Sauna..",0,35,35,306
"09/26/2025","10:00 PM","120 min.","Williamsburg","Beat Drop: DJ Takeover","","Sauna...",4,32,28,334
"09/27/2025","8:00 AM","75 min.","Williamsburg","Guided All Around: Release","Jenny Frenkel","Sauna",61,64,3,3
"09/27/2025","9:15 AM","75 min.","Williamsburg","Guided All Around: Heart Opener","Teresa Lafferty","Sauna",48,64,16,19
"09/27/2025","10:30 AM","75 min.","Williamsburg","Guided Down: Pure Presence","Jiva Smith","Sauna",,,,19
"09/27/2025","11:45 AM","75 min.","Williamsburg","Guided Up: Self-Care Sweat","","Sauna",1,64,63,82
"09/27/2025","1:00 PM","75 min.","Williamsburg","Lively Free Flow","","Sauna .",1,32,31,113
"09/27/2025","1:30 PM","75 min.","Williamsburg","Lively Free Flow","","Sauna.",9,32,23,136
"09/27/2025","2:00 PM","75 min.","Williamsburg","Lively Free Flow","","Sauna..",30,45,15,151
"09/27/2025","2:30 PM","75 min.","Williamsburg","Lively Free Flow","","Sauna...",27,35,8,159
"09/27/2025","3:00 PM","75 min.","Williamsburg","Lively Free Flow","","Sauna....",27,33,6,165
"09/27/2025","3:30 PM","75 min.","Williamsburg","Lively Free Flow","","Sauna .",38,45,7,172
"09/27/2025","4:00 PM","75 min.","Williamsburg","Lively Free Flow","","Sauna.",25,35,10,182
"09/27/2025","4:30 PM","75 min.","Williamsburg","Lively Free Flow","","Sauna..",25,33,8,190
"09/27/2025","5:00 PM","75 min.","Williamsburg","Lively Free Flow","","Sauna...",33,45,12,202
"09/27/2025","5:30 PM","75 min.","Williamsburg","Lively Free Flow","","Sauna....",29,35,6,208
"09/27/2025","6:00 PM","75 min.","Williamsburg","Lively Free Flow","","Sauna .",21,33,12,220
"09/27/2025","6:30 PM","75 min.","Williamsburg","Lively Free Flow","","Sauna.",22,35,13,233
"09/27/2025","7:45 PM","75 min.","Williamsburg","Guided Up: Awakening","Touré Lowe","Sauna",35,64,29,262
"09/27/2025","9:00 PM","120 min.","Williamsburg","Social","","Sauna .",7,30,23,285
"09/27/2025","9:20 PM","120 min.","Williamsburg","Social","","Sauna.",28,30,2,287
"09/27/2025","9:40 PM","120 min.","Williamsburg","Social","","Sauna..",35,35,0,287
"09/27/2025","10:00 PM","120 min.","Williamsburg","Social","","Sauna...",23,25,2,289
"09/28/2025","8:00 AM","75 min.","Williamsburg","Guided Down: Embodied","","Sauna",48,60,12,12
"09/28/2025","9:15 AM","75 min.","Williamsburg","Guided Down: Rose, Thorn, Bud","","Sauna",57,64,7,19
"09/28/2025","10:30 AM","75 min.","Williamsburg","Guided Up: Self-Care Sweat","","Sauna",9,64,55,74
"09/28/2025","11:45 AM","75 min.","Williamsburg","Guided All Around: Reset","Derek Baynton","Sauna",14,64,50,124
"09/28/2025","1:00 PM","75 min.","Williamsburg","Lively Free Flow","","Sauna .",8,32,24,148
"09/28/2025","1:30 PM","75 min.","Williamsburg","Lively Free Flow","","Sauna.",19,32,13,161
"09/28/2025","2:00 PM","75 min.","Williamsburg","Lively Free Flow","","Sauna..",29,45,16,177
"09/28/2025","2:30 PM","75 min.","Williamsburg","Lively Free Flow","","Sauna...",13,35,22,199
"09/28/2025","3:00 PM","75 min.","Williamsburg","Lively Free Flow","","Sauna....",7,33,26,225
"09/28/2025","3:30 PM","75 min.","Williamsburg","Lively Free Flow","","Sauna .",36,45,9,234
"09/28/2025","4:00 PM","75 min.","Williamsburg","Lively Free Flow","","Sauna.",16,35,19,253
"09/28/2025","4:30 PM","75 min.","Williamsburg","Lively Free Flow","","Sauna..",17,33,16,269
"09/28/2025","5:00 PM","75 min.","Williamsburg","Lively Free Flow","","Sauna...",27,45,18,287
"09/28/2025","5:30 PM","75 min.","Williamsburg","Lively Free Flow","","Sauna .",17,35,18,305
"09/28/2025","6:00 PM","75 min.","Williamsburg","Lively Free Flow","","Sauna.",6,33,27,332
"09/28/2025","7:15 PM","75 min.","Williamsburg","Guided Down: Embodied","","Sauna",2,64,62,394
"09/28/2025","8:30 PM","75 min.","Williamsburg","Free Flow","","Sauna .",14,30,16,410
"09/28/2025","8:45 PM","75 min.","Williamsburg","Free Flow","","Sauna.",23,25,2,412
"09/28/2025","9:15 PM","75 min.","Williamsburg","Free Flow","","Sauna..",33,35,2,414
"09/28/2025","9:30 PM","75 min.","Williamsburg","Free Flow","","Sauna...",30,30,0,414
"09/15/2025","7:00 AM","60 min.","Williamsburg","Guided Down: Sound Immersion - 60 min","","Sauna*",53,64,11,11
"09/15/2025","8:30 AM","75 min.","Williamsburg","Quieter Free Flow","","Sauna.",32,40,8,19
"09/15/2025","9:00 AM","75 min.","Williamsburg","Quieter Free Flow","","Sauna..",38,40,2,21
"09/15/2025","9:30 AM","75 min.","Williamsburg","Quieter Free Flow","","Sauna...",40,40,0,21
"09/15/2025","10:00 AM","75 min.","Williamsburg","Quieter Free Flow","","Sauna....",40,40,0,21
"09/15/2025","10:15 AM","75 min.","Williamsburg","Quieter Free Flow","","Sauna .",38,40,2,23
"09/15/2025","12:00 PM","60 min.","Williamsburg","Guided All Around: Reset - 60 min","Derek Baynton","Sauna*",51,64,13,36
"09/15/2025","1:30 PM","75 min.","Williamsburg","Free Flow","","Sauna.",32,40,8,44
"09/15/2025","1:45 PM","75 min.","Williamsburg","Free Flow","","Sauna..",39,40,1,45
"09/15/2025","2:15 PM","75 min.","Williamsburg","Free Flow","","Sauna...",38,40,2,47
"09/15/2025","2:45 PM","75 min.","Williamsburg","Free Flow","","Sauna....",36,40,4,51
"09/15/2025","3:15 PM","75 min.","Williamsburg","Free Flow","","Sauna.",39,40,1,52
"09/15/2025","3:45 PM","75 min.","Williamsburg","Free Flow","","Sauna..",37,40,3,55
"09/15/2025","4:15 PM","75 min.","Williamsburg","Free Flow","","Sauna...",38,40,2,57
"09/15/2025","4:45 PM","75 min.","Williamsburg","Free Flow","","Sauna....",40,40,0,57
"09/15/2025","5:15 PM","75 min.","Williamsburg","Lively Free Flow","","Sauna.",27,40,13,70
"09/15/2025","6:30 PM","75 min.","Williamsburg","Guided All Around: Journey Through the Elements","","Sauna*",3,64,61,131
"09/15/2025","7:45 PM","75 min.","Williamsburg","Guided All Around: A-Z Emotions","","Sauna*",38,64,26,157
"09/15/2025","9:00 PM","75 min.","Williamsburg","Guided All Around: Heart Opener","Teresa Lafferty","Sauna*",41,64,23,180
"09/16/2025","7:00 AM","60 min.","Williamsburg","Guided Down: Self-Care Sweat - 60 min","nicole lopes","Sauna*",58,64,6,6
"09/16/2025","8:30 AM","75 min.","Williamsburg","Quieter Free Flow","","Sauna.",33,40,7,13
"09/16/2025","9:00 AM","75 min.","Williamsburg","Quieter Free Flow","","Sauna..",39,40,1,14
"09/16/2025","9:30 AM","75 min.","Williamsburg","Quieter Free Flow","","Sauna...",40,40,0,14
"09/16/2025","10:00 AM","75 min.","Williamsburg","Quieter Free Flow","","Sauna....",38,40,2,16
"09/16/2025","10:15 AM","75 min.","Williamsburg","Quieter Free Flow","","Sauna.",40,40,0,16
"09/16/2025","12:00 PM","60 min.","Williamsburg","Guided Down: Embodied - 60 min","","Sauna*",56,60,4,20
"09/16/2025","1:30 PM","75 min.","Williamsburg","Free Flow","","Sauna.",36,40,4,24
"09/16/2025","1:45 PM","75 min.","Williamsburg","Free Flow","","Sauna..",39,40,1,25
"09/16/2025","2:15 PM","75 min.","Williamsburg","Free Flow","","Sauna...",40,40,0,25
"09/16/2025","2:45 PM","75 min.","Williamsburg","Free Flow","","Sauna....",39,40,1,26
"09/16/2025","3:15 PM","75 min.","Williamsburg","Free Flow","","Sauna.",36,40,4,30
"09/16/2025","3:45 PM","75 min.","Williamsburg","Free Flow","","Sauna..",37,40,3,33
"09/16/2025","4:15 PM","75 min.","Williamsburg","Free Flow","","Sauna...",37,40,3,36
"09/16/2025","4:45 PM","75 min.","Williamsburg","Free Flow","","Sauna....",28,30,2,38
"09/16/2025","5:15 PM","75 min.","Williamsburg","Lively Free Flow","","Sauna.",22,30,8,46
"09/16/2025","6:30 PM","75 min.","Williamsburg","Guided Down: Pure Presence","Jiva Smith","Sauna",136,180,44,90
"09/16/2025","7:45 PM","75 min.","Williamsburg","Guided All Around: Heart Opener","Teresa Lafferty","Sauna*",24,64,40,130
"09/16/2025","9:00 PM","75 min.","Williamsburg","Free Flow","","Sauna.",11,28,17,147
"09/16/2025","9:15 PM","75 min.","Williamsburg","Free Flow","","Sauna..",26,30,4,151
"09/16/2025","9:30 PM","75 min.","Williamsburg","Free Flow","","Sauna...",28,33,5,156
"09/16/2025","9:45 PM","75 min.","Williamsburg","Free Flow","","Sauna....",29,30,1,157
"09/17/2025","7:00 AM","60 min.","Williamsburg","Guided Up: Awakening - 60 min","","Sauna*",57,64,7,7
"09/17/2025","8:30 AM","75 min.","Williamsburg","Free Flow","","Sauna.",35,40,5,12
"09/17/2025","9:00 AM","75 min.","Williamsburg","Free Flow","","Sauna..",37,40,3,15
"09/17/2025","9:30 AM","75 min.","Williamsburg","Free Flow","","Sauna...",38,40,2,17
"09/17/2025","10:00 AM","75 min.","Williamsburg","Free Flow","","Sauna....",39,40,1,18
"09/17/2025","10:15 AM","75 min.","Williamsburg","Free Flow","","Sauna.",37,40,3,21
"09/17/2025","1:45 PM","75 min.","Williamsburg","Free Flow","","Sauna.",38,40,2,23
"09/17/2025","2:15 PM","75 min.","Williamsburg","Free Flow","","Sauna..",37,40,3,26
"09/17/2025","2:45 PM","75 min.","Williamsburg","Free Flow","","Sauna...",38,40,2,28
"09/17/2025","3:15 PM","75 min.","Williamsburg","Free Flow","","Sauna....",39,40,1,29
"09/17/2025","3:45 PM","75 min.","Williamsburg","Free Flow","","Sauna..",37,40,3,32
"09/17/2025","4:15 PM","75 min.","Williamsburg","Free Flow","","Sauna.",23,30,7,39
"09/17/2025","5:30 PM","75 min.","Williamsburg","Guided Up: Awakening","","Sauna*",48,64,16,55
"09/17/2025","6:45 PM","75 min.","Williamsburg","Guided Down: Sound Immersion","Rootsgod Fender","Sauna*",23,64,41,96
"09/17/2025","8:00 PM","75 min.","Williamsburg","Free Flow","","Sauna.",7,20,13,109
"09/17/2025","8:15 PM","75 min.","Williamsburg","Free Flow","","Sauna..",14,15,1,110
"09/17/2025","8:30 PM","75 min.","Williamsburg","Free Flow","","Sauna...",30,30,0,110
"09/17/2025","8:45 PM","75 min.","Williamsburg","Free Flow","","Sauna....",24,25,1,111
"09/17/2025","9:00 PM","75 min.","Williamsburg","Free Flow","","Sauna .",11,15,4,115
"09/17/2025","9:30 PM","75 min.","Williamsburg","Free Flow","","Sauna.",27,30,3,118
"09/17/2025","9:45 PM","75 min.","Williamsburg","Free Flow","","Sauna..",0,30,30,148
"09/18/2025","7:00 AM","75 min.","Williamsburg","Free Flow","","Sauna .",33,33,0,0
"09/18/2025","7:30 AM","75 min.","Williamsburg","Free Flow","","Sauna....",30,30,0,0
"09/18/2025","8:00 AM","75 min.","Williamsburg","Free Flow","","Sauna...",30,30,0,0
"09/18/2025","8:30 AM","75 min.","Williamsburg","Free Flow","","Sauna.",37,40,3,3
"09/18/2025","9:00 AM","75 min.","Williamsburg","Free Flow","","Sauna..",36,40,4,7
"09/18/2025","9:30 AM","75 min.","Williamsburg","Free Flow","","Sauna...",40,40,0,7
"09/18/2025","10:00 AM","75 min.","Williamsburg","Free Flow","","Sauna....",39,40,1,8
"09/18/2025","10:15 AM","75 min.","Williamsburg","Free Flow","","Sauna.",32,40,8,16
"09/18/2025","12:00 PM","60 min.","Williamsburg","Guided Down: Pure Presence - 60 min","","Sauna*",60,64,4,20
"09/18/2025","1:30 PM","75 min.","Williamsburg","Free Flow","","Sauna .",36,40,4,24
"09/18/2025","2:00 PM","75 min.","Williamsburg","Free Flow","","Sauna.",39,40,1,25
"09/18/2025","2:30 PM","75 min.","Williamsburg","Free Flow","","Sauna..",38,40,2,27
"09/18/2025","3:00 PM","75 min.","Williamsburg","Free Flow","","Sauna...",35,40,5,32
"09/18/2025","3:30 PM","75 min.","Williamsburg","Free Flow","","Sauna....",39,40,1,33
"09/18/2025","4:00 PM","75 min.","Williamsburg","Free Flow","","Sauna .",37,40,3,36
"09/18/2025","4:30 PM","75 min.","Williamsburg","Free Flow","","Sauna.",39,40,1,37
"09/18/2025","5:00 PM","75 min.","Williamsburg","Free Flow","","Sauna...",28,30,2,39
"09/18/2025","5:30 PM","75 min.","Williamsburg","Lively Free Flow","","Sauna....",14,30,16,55
"09/18/2025","6:45 PM","75 min.","Williamsburg","Guided Down: Self-Care Sweat","","Sauna*",24,64,40,95
"09/18/2025","8:00 PM","75 min.","Williamsburg","Lively Free Flow","","Sauna .",5,20,15,110
"09/18/2025","8:15 PM","75 min.","Williamsburg","Lively Free Flow","","Sauna.",13,15,2,112
"09/18/2025","8:30 PM","75 min.","Williamsburg","Lively Free Flow","","Sauna..",28,30,2,114
"09/18/2025","8:45 PM","75 min.","Williamsburg","Lively Free Flow","","Sauna...",22,25,3,117
"09/18/2025","9:00 PM","75 min.","Williamsburg","Lively Free Flow","","Sauna....",9,15,6,123
"09/18/2025","9:30 PM","75 min.","Williamsburg","Lively Free Flow","","Sauna .",0,30,30,153
"09/18/2025","9:45 PM","75 min.","Williamsburg","Lively Free Flow","","Sauna.",0,30,30,183
"09/19/2025","7:00 AM","75 min.","Williamsburg","Guided Down: Sound Immersion","","Sauna*",54,64,10,10
"09/19/2025","8:15 AM","75 min.","Williamsburg","Guided Down: Sound Immersion","Rootsgod Fender","Sauna*",61,64,3,13
"09/19/2025","9:30 AM","75 min.","Williamsburg","Guided All Around: Reset","","Sauna*",59,64,5,18
"09/19/2025","10:45 AM","75 min.","Williamsburg","Guided Down: Pure Presence","Jiva Smith","Sauna*",57,64,7,25
"09/19/2025","12:00 PM","75 min.","Williamsburg","Free Flow","","Sauna .",25,32,7,32
"09/19/2025","12:30 PM","75 min.","Williamsburg","Free Flow","","Sauna.",25,32,7,39
"09/19/2025","1:00 PM","75 min.","Williamsburg","Free Flow","","Sauna..",43,45,2,41
"09/19/2025","1:30 PM","75 min.","Williamsburg","Free Flow","","Sauna...",30,35,5,46
"09/19/2025","2:00 PM","75 min.","Williamsburg","Free Flow","","Sauna .",33,33,0,46
"09/19/2025","2:30 PM","75 min.","Williamsburg","Free Flow","","Sauna.",43,45,2,48
"09/19/2025","3:00 PM","75 min.","Williamsburg","Free Flow","","Sauna..",31,35,4,52
"09/19/2025","3:30 PM","75 min.","Williamsburg","Free Flow","","Sauna...",30,33,3,55
"09/19/2025","4:00 PM","75 min.","Williamsburg","Free Flow","","Sauna....",39,45,6,61
"09/19/2025","4:30 PM","75 min.","Williamsburg","Free Flow","","Sauna .",21,35,14,75
"09/19/2025","5:00 PM","75 min.","Williamsburg","Free Flow","","Sauna.",23,33,10,85
"09/19/2025","5:30 PM","75 min.","Williamsburg","Free Flow","","Sauna...",34,45,11,96
"09/19/2025","6:00 PM","75 min.","Williamsburg","Lively Free Flow","","Sauna .",21,35,14,110
"09/19/2025","6:30 PM","75 min.","Williamsburg","Lively Free Flow","","Sauna.",8,33,25,135
"09/19/2025","7:45 PM","75 min.","Williamsburg","Guided Down: Sound Immersion","Rootsgod Fender","Sauna*",12,64,52,187
"09/19/2025","9:00 PM","120 min.","Williamsburg","Social","","Sauna .",18,30,12,199
"09/19/2025","9:20 PM","120 min.","Williamsburg","Social","","Sauna.",28,30,2,201
"09/19/2025","9:40 PM","120 min.","Williamsburg","Social","","Sauna..",33,35,2,203
"09/19/2025","10:00 PM","120 min.","Williamsburg","Social","","Sauna...",20,25,5,208
"09/20/2025","8:00 AM","75 min.","Williamsburg","Guided All Around: Release","","Sauna*",59,64,5,5
"09/20/2025","9:15 AM","75 min.","Williamsburg","Guided All Around: Heart Opener","Teresa Lafferty","Sauna*",53,64,11,16
"09/20/2025","10:30 AM","75 min.","Williamsburg","Guided Up: Feel Good Now","","Sauna*",20,64,44,60
"09/20/2025","11:45 AM","75 min.","Williamsburg","Guided Down: Sound Immersion","Rootsgod Fender","Sauna*",,,,60
"09/20/2025","1:00 PM","75 min.","Williamsburg","Lively Free Flow","","Sauna .",3,32,29,89
"09/20/2025","1:30 PM","75 min.","Williamsburg","Lively Free Flow","","Sauna.",9,32,23,112
"09/20/2025","2:00 PM","75 min.","Williamsburg","Lively Free Flow","","Sauna..",31,45,14,126
"09/20/2025","2:30 PM","75 min.","Williamsburg","Lively Free Flow","","Sauna...",23,35,12,138
"09/20/2025","3:00 PM","75 min.","Williamsburg","Lively Free Flow","","Sauna....",16,33,17,155
"09/20/2025","3:30 PM","75 min.","Williamsburg","Lively Free Flow","","Sauna .",40,45,5,160
"09/20/2025","4:00 PM","75 min.","Williamsburg","Lively Free Flow","","Sauna.",21,35,14,174
"09/20/2025","4:30 PM","75 min.","Williamsburg","Lively Free Flow","","Sauna..",26,33,7,181
"09/20/2025","5:00 PM","75 min.","Williamsburg","Lively Free Flow","","Sauna...",38,45,7,188
"09/20/2025","5:30 PM","75 min.","Williamsburg","Lively Free Flow","","Sauna....",26,35,9,197
"09/20/2025","6:00 PM","75 min.","Williamsburg","Lively Free Flow","","Sauna .",28,33,5,202
"09/20/2025","6:30 PM","75 min.","Williamsburg","Lively Free Flow","","Sauna.",36,45,9,211
"09/20/2025","7:45 PM","75 min.","Williamsburg","Guided Down: Senses","Christina Ionno","Sauna*",24,64,40,251
"09/20/2025","9:00 PM","120 min.","Williamsburg","Social","","Sauna .",14,30,16,267
"09/20/2025","9:20 PM","120 min.","Williamsburg","Social","","Sauna.",27,30,3,270
"09/20/2025","9:40 PM","120 min.","Williamsburg","Social","","Sauna..",35,35,0,270
"09/20/2025","10:00 PM","120 min.","Williamsburg","Social","","Sauna....",0,25,25,295
"09/21/2025","8:00 AM","75 min.","Williamsburg","Guided Up: Awakening","","Sauna",54,64,10,10
"09/21/2025","9:15 AM","75 min.","Williamsburg","Guided Down: Pure Presence","","Sauna",41,64,23,33
"09/21/2025","10:30 AM","75 min.","Williamsburg","Guided Down: Senses","Christina Ionno","Sauna",6,64,58,91
"09/21/2025","11:45 AM","75 min.","Williamsburg","Guided All Around: Reset","Derek Baynton","Sauna",8,64,56,147
"09/21/2025","1:00 PM","75 min.","Williamsburg","Lively Free Flow","","Sauna .",7,32,25,172
"09/21/2025","1:30 PM","75 min.","Williamsburg","Lively Free Flow","","Sauna.",22,32,10,182
"09/21/2025","2:00 PM","75 min.","Williamsburg","Lively Free Flow","","Sauna..",30,45,15,197
"09/21/2025","2:30 PM","75 min.","Williamsburg","Lively Free Flow","","Sauna...",19,35,16,213
"09/21/2025","3:00 PM","75 min.","Williamsburg","Lively Free Flow","","Sauna....",21,33,12,225
"09/21/2025","3:30 PM","75 min.","Williamsburg","Lively Free Flow","","Sauna .",32,45,13,238
"09/21/2025","4:00 PM","75 min.","Williamsburg","Lively Free Flow","","Sauna.",17,35,18,256
"09/21/2025","4:30 PM","75 min.","Williamsburg","Lively Free Flow","","Sauna..",0,33,33,289
"09/21/2025","5:00 PM","75 min.","Williamsburg","Lively Free Flow","","Sauna...",30,45,15,304
"09/21/2025","5:30 PM","75 min.","Williamsburg","Lively Free Flow","","Sauna .",26,35,9,313
"09/21/2025","6:00 PM","75 min.","Williamsburg","Lively Free Flow","","Sauna.",25,33,8,321
"09/21/2025","7:15 PM","75 min.","Williamsburg","Guided Down: Sound Immersion","Rootsgod Fender","Sauna",10,64,54,375
"09/21/2025","8:30 PM","75 min.","Williamsburg","Free Flow","","Sauna .",16,30,14,389
"09/21/2025","8:45 PM","75 min.","Williamsburg","Free Flow","","Sauna.",20,25,5,394
"09/21/2025","9:15 PM","75 min.","Williamsburg","Free Flow","","Sauna..",29,35,6,400
"09/21/2025","9:30 PM","75 min.","Williamsburg","Free Flow","","Sauna...",29,30,1,401